mnemonic,111,113,114,116,121,211,214,215,216,224,241,242,243,247,249,312,324,331,341,342,351,353,411,511,521,522,523,525,541,542,612,811,812,813,814,816,822,823,911,913,925
E06000001,61,598,18,41,37,127,64,34,27,8,135,260,171,5,44,58,20,555,193,44,35,100,461,227,519,632,271,95,31,22,80,550,203,236,454,163,296,60,23,484,533
E06000002,77,808,9,55,17,195,114,31,83,10,166,383,262,19,93,105,24,679,290,77,45,162,579,208,477,650,352,104,55,42,104,1068,104,214,330,199,358,146,38,734,1427
E06000003,87,819,22,58,56,198,117,70,53,25,195,356,234,38,74,105,36,782,297,60,66,174,645,427,420,967,533,178,45,31,183,868,159,410,419,219,491,160,94,500,1003
E06000004,172,1972,42,138,65,385,155,75,129,45,311,800,525,34,119,194,57,1456,435,138,89,333,1048,402,687,1129,768,215,49,40,268,1071,189,326,645,261,532,188,80,695,1842
E06000005,114,1140,26,91,72,171,83,48,75,24,211,502,364,20,91,92,38,762,244,76,34,232,577,412,336,522,449,77,56,29,140,529,105,181,421,124,304,130,67,605,1728
E06000047,445,4347,110,362,396,834,412,242,546,170,829,1779,1390,131,383,288,179,4181,1259,249,149,793,4090,2872,1346,3524,2007,491,200,194,777,2557,877,1300,3137,897,1682,329,467,3140,4134
E06000057,532,3574,76,328,668,509,284,281,267,180,818,1474,967,89,363,192,138,2396,1133,233,223,616,2180,3257,502,1538,1179,250,125,168,613,1426,197,890,909,351,790,355,929,1054,1327
E08000021,365,2951,29,133,42,615,395,216,893,87,1192,1816,1473,85,500,316,63,904,1477,246,109,591,2302,491,366,828,569,125,101,116,180,989,144,293,635,221,285,233,83,809,1232
E08000022,253,2693,20,140,43,449,280,123,305,35,619,1344,991,59,326,181,55,1310,800,178,127,523,2704,416,465,962,627,157,85,168,234,743,166,386,576,178,288,260,72,484,970
E08000023,124,1239,19,72,23,174,124,50,91,12,268,585,371,26,135,100,40,813,382,70,229,276,1411,194,571,978,503,152,72,85,111,510,212,343,971,222,263,190,26,619,1024
E08000024,194,2323,27,119,48,242,210,123,121,19,381,1143,605,42,191,109,54,1570,625,126,97,616,2716,450,683,1800,929,263,106,131,227,1014,502,630,2478,600,724,198,57,1362,2458
E08000037,166,1983,29,99,47,302,258,116,248,40,430,1048,831,44,294,144,49,970,784,144,75,453,1506,409,441,1081,608,120,75,214,209,856,218,385,811,271,439,195,60,808,1399
E06000006,105,1335,46,47,30,241,138,64,102,21,249,520,392,18,89,98,43,767,275,64,44,333,655,321,263,726,458,122,74,66,144,954,141,302,642,242,451,201,58,652,2400
E06000007,308,3914,75,112,122,432,298,213,203,71,739,1289,1099,44,311,223,63,1307,724,191,121,556,778,689,255,861,768,172,74,73,289,806,143,352,564,228,505,269,75,732,4025
E06000008,117,1133,29,27,48,172,180,44,46,18,437,646,321,15,85,93,22,576,265,100,13,235,912,328,277,822,641,84,279,79,120,1251,263,465,810,252,344,68,64,1214,1483
E06000009,84,852,7,37,28,103,154,25,24,18,137,354,233,10,90,34,33,570,430,73,39,241,2214,300,158,487,486,73,77,71,171,895,68,139,269,116,187,185,42,658,707
E06000049,1229,9713,176,174,640,1061,765,262,607,242,1845,2526,2405,97,940,337,150,1846,2025,538,413,1276,978,2960,409,1667,1686,258,259,168,716,1796,311,494,1371,496,911,717,647,1835,4123
E06000050,714,6579,94,168,505,733,571,363,413,310,1422,2236,1856,103,590,287,201,2058,1328,377,290,1027,1136,2284,432,1584,1677,253,129,90,777,2198,254,574,1208,482,877,349,480,1285,2955
E06000063,210,2066,78,148,460,484,191,269,150,152,486,829,636,60,227,127,74,1980,713,159,73,354,1237,3275,644,2144,1057,386,250,121,370,3235,254,1219,756,410,897,462,752,1193,1520
E06000064,335,2243,53,150,514,256,248,298,132,174,465,823,707,69,315,229,96,1125,959,220,154,323,761,3920,965,1469,1058,325,95,62,406,831,156,738,708,215,569,285,789,650,1160
E07000117,47,712,12,30,21,58,72,23,33,11,235,305,143,8,55,54,20,392,201,56,4,165,374,245,278,660,373,64,166,66,90,813,221,248,578,162,264,56,25,768,1774
E07000118,125,2109,44,92,116,159,172,88,112,60,420,774,491,32,154,97,50,1049,432,105,30,334,565,574,205,632,596,96,85,57,205,446,108,187,356,126,338,114,106,405,987
E07000119,140,1315,13,88,87,89,109,30,55,37,266,437,351,13,101,44,22,597,322,73,76,211,741,460,78,238,332,57,34,20,118,417,38,62,160,87,93,73,73,242,256
E07000120,46,581,23,22,28,47,83,25,29,10,169,326,135,10,51,39,14,387,165,42,7,135,293,246,220,600,502,58,110,96,99,599,138,281,495,111,231,56,29,571,914
E07000121,140,1307,23,72,159,225,136,141,346,40,250,438,442,38,152,86,50,786,532,100,46,327,453,975,276,587,574,110,43,32,180,541,84,336,346,149,250,146,262,434,594
E07000122,67,786,16,23,46,75,82,31,28,30,265,370,186,15,63,57,22,342,222,60,9,167,301,395,227,702,342,78,450,57,119,777,236,279,758,165,190,42,72,907,1059
E07000123,117,1404,24,77,71,261,142,52,104,43,442,683,468,23,145,98,22,709,336,96,28,270,1354,544,157,487,566,59,148,76,113,1130,143,255,590,184,394,102,131,951,1722
E07000124,163,1214,44,54,118,77,92,50,56,59,316,410,253,22,108,51,16,362,273,74,20,166,224,801,110,410,313,43,46,24,104,295,72,119,151,77,128,26,132,126,300
E07000125,89,985,25,48,29,56,71,26,63,16,212,315,231,14,92,53,26,601,285,56,12,155,214,304,185,430,336,54,98,58,122,339,81,170,293,76,207,52,31,217,624
E07000126,109,1641,37,74,115,145,139,66,76,39,354,641,492,20,117,80,39,1082,347,87,34,268,1016,634,165,617,708,114,57,57,168,487,77,180,439,126,260,124,112,405,1014
E07000127,173,1552,45,65,221,148,113,65,89,34,439,560,379,23,108,90,39,842,345,71,38,272,496,789,183,620,435,84,90,51,207,663,131,249,399,151,448,82,295,663,1428
E07000128,111,1257,31,61,131,107,144,41,53,48,253,476,355,19,92,49,47,698,334,57,115,223,1653,864,203,487,498,75,63,34,174,548,64,120,209,79,142,141,206,304,362
E08000001,266,2905,56,91,75,288,330,104,158,48,1066,1477,791,39,212,156,52,1568,756,226,46,840,1326,608,489,1321,1084,173,216,93,287,2050,254,401,799,290,546,231,82,1496,3679
E08000002,209,2882,50,100,59,239,299,87,198,39,914,1314,895,47,380,158,52,1194,835,170,22,662,891,476,264,772,689,113,131,87,208,906,118,237,416,198,376,193,49,591,1637
E08000003,648,5532,58,94,49,1267,1231,371,1443,93,2806,3131,3320,151,1666,617,27,1366,4398,677,137,1238,2063,633,294,928,961,103,323,139,279,1691,203,388,895,221,774,542,87,1942,5293
E08000004,145,2079,31,72,55,204,245,57,127,22,673,981,529,34,196,130,45,1183,613,150,31,546,911,468,442,1103,925,125,159,112,168,1373,208,370,891,203,460,189,53,1150,3709
E08000005,161,1980,46,78,66,222,220,61,101,25,634,943,541,20,168,105,46,1209,577,137,28,503,780,511,427,1100,780,120,179,115,218,1287,217,436,725,243,560,204,53,1208,4067
E08000006,296,3423,54,84,48,421,589,126,323,71,1233,1794,1576,38,685,319,62,1197,1788,321,56,900,1232,410,255,902,699,105,104,106,221,951,179,315,583,232,653,253,41,969,3781
E08000007,435,5933,69,103,94,584,644,172,517,52,1818,2318,1762,118,755,302,70,1396,1662,392,135,1218,1341,851,221,1007,1012,141,110,203,372,745,160,363,672,175,346,434,85,513,1582
E08000008,140,2310,41,74,66,222,308,76,156,29,604,1117,657,37,237,157,60,1347,754,168,25,716,1191,499,442,1510,997,160,137,194,258,1737,259,525,913,288,503,373,47,1088,2091
E08000009,613,5703,75,82,84,488,517,191,460,55,2005,2158,1719,59,739,302,60,975,1630,332,104,909,931,592,121,635,610,81,81,86,218,475,104,198,313,120,253,243,41,366,1314
E08000010,212,3356,100,136,117,332,385,127,182,45,763,1447,960,38,274,270,116,2484,824,215,48,926,1722,904,589,1854,1506,265,161,119,456,2425,269,786,1082,488,1224,412,112,1621,4575
E08000011,81,1197,26,42,38,173,123,70,77,21,380,643,412,24,113,87,21,902,360,75,46,314,1237,316,330,762,498,96,67,64,142,637,141,259,913,201,494,226,42,639,1895
E08000012,446,3994,57,168,63,952,598,185,840,104,1843,1928,1876,134,681,376,93,2308,2417,345,146,867,4450,563,499,1226,1029,176,179,162,318,1464,214,519,1589,352,1134,535,95,1710,5354
E08000013,119,1751,56,72,68,282,197,81,111,37,432,782,529,29,131,116,70,1355,413,83,34,393,935,493,323,949,690,146,84,77,212,953,135,354,617,201,582,201,45,747,3123
E08000014,335,3287,65,166,105,324,291,101,227,42,1265,1445,1015,73,266,162,74,2273,912,168,121,794,3513,961,362,997,961,176,100,77,293,1043,125,288,712,245,603,383,215,880,1826
E08000015,399,3806,53,155,98,575,313,164,330,76,1343,1539,1139,89,376,207,103,2166,1121,208,230,713,2968,1029,576,1455,1266,193,123,146,398,1691,195,430,1038,391,658,403,90,1066,1644
E06000010,102,1220,25,76,45,308,284,79,219,51,318,599,432,50,187,208,45,1420,757,128,126,254,1038,658,809,1603,1518,221,112,171,236,3738,325,915,1304,663,1038,337,236,3653,2791
E06000011,472,4440,143,301,874,563,408,219,322,141,866,1570,1094,82,453,324,129,2839,1010,312,276,631,1512,3174,865,1868,1673,299,137,181,703,1584,254,783,879,377,1127,413,1089,1542,2733
E06000012,63,1015,50,46,66,139,83,57,48,27,234,389,268,10,77,66,52,659,308,77,107,248,568,413,582,970,714,190,54,85,178,3401,92,401,538,473,696,393,90,1990,1565
E06000013,134,1410,81,103,306,212,111,76,62,55,281,525,318,24,84,114,51,970,322,89,81,241,482,822,589,1347,861,300,163,62,241,2440,274,634,770,552,1032,314,328,2249,1982
E06000014,378,3261,42,235,151,578,323,269,798,76,809,1091,1618,142,466,195,45,1074,1199,224,46,577,883,827,157,576,601,91,65,85,236,808,62,164,257,149,248,365,137,434,865
E06000065,1343,9917,204,1212,1818,1250,740,544,598,477,2202,3232,2739,203,920,543,280,6344,2620,699,378,1670,2693,9104,1153,2840,2886,446,326,301,1715,3257,440,1120,1389,724,1395,620,2034,2276,3764
E08000016,161,2157,57,76,105,188,255,108,123,45,404,813,609,30,157,170,75,1464,521,154,35,415,1139,761,635,1443,1054,211,100,119,290,2170,263,567,1022,443,950,253,129,2091,5166
E08000017,195,2733,88,184,166,177,225,90,141,67,502,1121,688,40,173,133,48,1999,600,169,70,503,1084,905,675,1712,1549,283,239,95,344,1624,260,755,1190,397,1583,667,199,2337,8591
E08000018,170,2472,63,114,85,253,205,111,169,37,445,1107,694,41,165,154,55,1390,451,143,35,562,1179,703,823,1898,1200,253,128,172,306,1323,562,610,1177,355,824,330,129,1600,3432
E08000019,577,5657,57,143,142,1096,822,419,1540,135,1868,2507,2873,154,809,548,85,1767,2404,478,52,1043,2957,1415,1001,2584,1517,291,240,245,424,1839,843,725,1404,391,791,415,167,2004,5246
E08000032,449,5298,113,127,140,514,606,222,376,76,1609,2810,1616,109,559,320,108,1979,1553,374,89,1373,2803,1326,993,2356,1733,259,529,427,467,3433,535,1078,1919,578,1020,328,130,3880,5724
E08000033,244,2930,62,91,78,227,314,127,187,64,619,1096,811,57,340,185,64,1055,1001,223,42,743,812,715,477,1216,707,121,209,131,245,1300,285,468,659,215,500,104,85,837,1444
E08000034,421,5465,127,174,174,495,613,215,454,121,1247,2089,1495,103,462,349,129,2329,1486,496,68,1206,1517,1267,918,2441,1664,256,700,272,426,3225,469,859,1877,543,883,283,184,2307,3867
E08000035,956,12700,148,250,255,1364,1553,698,1602,203,4007,5891,5134,257,1763,693,173,3728,4130,814,182,2965,3635,2170,925,2739,2272,370,469,854,800,2615,483,1244,1915,508,1397,730,254,2562,8157
E08000036,272,3897,110,158,140,299,433,152,240,63,878,1571,1124,63,307,229,102,2851,790,277,49,961,1360,932,768,1923,1497,293,250,284,393,2708,345,913,1600,449,1543,478,164,2387,9267
E06000015,187,2386,54,88,42,344,311,120,192,86,504,998,795,42,214,205,71,914,795,184,43,403,942,569,589,1590,1194,174,173,90,211,1851,389,413,1825,445,826,412,58,1936,4576
E06000016,235,2133,42,33,42,434,447,91,406,21,713,1431,955,64,306,214,7,662,906,374,20,611,1411,518,383,1374,827,112,844,262,132,7578,540,893,3740,1098,889,142,68,5968,9571
E06000017,149,868,13,196,129,68,78,43,40,41,126,168,211,17,110,33,29,899,196,73,28,92,167,381,50,154,125,23,26,19,211,160,19,49,81,31,58,43,84,124,224
E06000018,269,2204,36,112,45,551,542,153,719,47,714,1048,1102,66,384,262,52,796,1347,317,31,358,1346,492,317,841,638,108,235,264,144,1931,166,439,945,290,633,239,72,2069,5235
E06000061,450,4941,176,259,281,396,451,181,282,86,663,1659,1263,88,418,260,133,2196,1018,331,79,897,1076,1503,661,2129,2005,349,707,319,512,3222,441,817,1505,672,1646,411,280,3238,11414
E06000062,793,8104,226,216,514,493,644,225,379,126,1193,2718,2108,102,666,341,139,2769,1573,417,128,1403,1355,2406,618,2023,1915,335,786,246,706,1919,377,534,1593,560,1364,458,405,2199,12772
E07000032,180,1659,45,60,119,139,182,105,133,60,255,515,460,27,126,132,67,822,414,119,40,225,456,698,324,952,619,132,246,97,198,1112,194,367,796,256,390,155,78,703,1341
E07000033,61,715,24,39,54,63,78,34,39,16,100,271,204,10,46,37,33,456,184,62,22,144,272,370,291,608,461,81,100,32,117,600,126,190,424,155,348,100,55,657,2167
E07000034,94,1095,24,40,34,103,105,65,59,26,196,493,306,19,101,61,36,521,272,94,19,197,358,338,300,656,432,103,47,57,121,430,150,246,400,121,308,108,44,471,1132
E07000035,220,1242,56,36,207,119,101,103,68,60,244,333,386,22,105,69,41,290,378,115,41,126,190,1332,145,359,277,47,37,19,131,354,68,190,223,92,215,57,195,194,287
E07000036,116,1428,23,45,50,183,160,78,159,30,193,490,397,20,114,106,50,697,356,106,25,257,488,448,269,876,571,130,496,104,168,606,170,381,781,135,316,253,53,508,1750
E07000037,141,1323,34,53,73,207,174,96,131,43,333,431,447,30,210,86,45,479,583,121,50,274,316,687,177,637,404,60,37,80,172,764,147,366,283,153,259,159,84,569,565
E07000038,110,1294,26,46,95,99,117,56,92,45,229,529,348,17,91,69,56,619,238,80,14,240,386,636,288,700,472,95,72,41,152,435,140,212,397,109,289,103,76,461,846
E07000039,184,1850,69,67,140,146,140,86,144,38,223,543,442,25,120,116,56,664,305,102,66,238,299,610,411,872,559,139,57,31,228,804,142,183,718,273,442,180,123,521,1416
E07000129,83,1604,53,52,68,128,193,46,108,20,253,692,468,23,119,92,29,710,337,182,21,428,405,441,152,661,504,72,80,139,144,351,102,199,362,123,228,73,69,273,1362
E07000130,252,2747,78,85,134,354,338,92,465,50,446,1040,873,46,246,175,57,924,623,275,53,484,664,863,345,1058,733,159,141,176,275,825,191,384,699,201,400,157,134,692,1777
E07000131,261,2514,75,75,213,106,208,83,165,61,401,679,567,31,213,112,36,709,480,225,57,390,309,935,113,428,393,55,69,80,250,259,74,137,263,77,179,72,181,238,1035
E07000132,149,1860,70,52,134,109,182,69,134,33,262,639,480,19,140,108,48,724,393,170,41,351,411,616,177,807,555,96,96,110,219,319,140,250,510,136,281,94,99,319,2021
E07000133,122,922,22,37,157,93,86,37,52,44,154,257,217,12,63,47,32,367,191,66,27,121,166,695,101,363,236,49,43,22,227,644,45,84,166,148,155,47,179,296,409
E07000134,142,1880,58,60,94,130,140,70,133,63,239,476,442,24,111,109,52,693,314,148,110,280,323,515,210,865,563,97,86,71,218,649,133,335,475,188,432,185,105,512,1621
E07000135,53,675,15,12,20,67,88,26,73,7,202,464,250,11,65,44,8,239,150,56,10,179,257,155,71,286,170,30,68,73,52,302,43,82,250,53,100,35,13,164,604
E07000136,38,372,13,50,187,64,42,14,13,13,80,178,84,9,29,17,23,267,142,26,21,67,118,593,119,369,318,60,23,121,90,2574,55,305,484,316,595,63,704,2284,713
E07000137,124,962,49,227,500,125,116,89,39,58,189,301,197,35,89,54,55,864,424,88,81,135,431,1656,210,653,732,110,78,121,318,657,89,429,358,105,395,89,738,599,608
E07000138,78,621,21,165,29,114,115,54,90,32,185,273,279,36,116,76,19,545,409,68,26,111,429,261,137,435,443,73,35,43,125,1439,111,230,431,202,295,59,131,899,1107
E07000139,143,1466,40,969,264,149,99,80,63,55,255,466,556,29,106,94,60,1704,400,83,211,227,1134,816,189,702,777,124,41,49,258,517,97,229,336,129,283,142,364,357,630
E07000140,53,874,41,53,332,76,72,32,50,25,155,293,201,21,58,64,44,426,216,63,14,182,213,1008,238,599,509,84,54,59,152,2296,64,185,442,428,631,112,483,1697,1311
E07000141,249,2445,46,284,290,157,223,109,87,73,343,821,663,37,307,110,59,1065,553,165,113,404,575,977,262,844,669,135,94,137,297,1008,118,285,501,211,397,154,320,615,1390
E07000142,124,1066,40,137,346,141,78,92,56,59,222,359,306,22,96,66,39,700,284,57,85,146,394,902,255,613,438,109,51,40,267,540,84,272,257,113,231,104,376,374,562
E07000170,82,1092,27,72,42,115,128,64,63,26,157,380,303,6,81,89,49,741,271,96,13,231,506,391,371,1078,579,105,238,149,181,804,202,357,794,207,441,123,66,830,2351
E07000171,137,1282,55,93,210,79,108,66,60,37,187,401,298,23,84,78,40,804,279,88,38,190,304,698,351,746,474,116,40,30,202,1716,114,315,489,232,522,175,169,774,2233
E07000172,123,1456,22,105,43,311,185,93,456,33,302,565,622,34,154,133,26,652,453,130,27,234,564,278,154,602,414,78,131,110,126,468,111,191,398,110,174,152,29,362,1334
E07000173,145,1727,24,55,61,228,194,84,131,14,330,619,559,18,152,98,43,831,444,137,18,297,705,413,162,564,461,94,77,157,177,352,74,226,317,97,171,119,48,287,1003
E07000174,58,876,22,84,50,90,104,42,53,24,150,351,255,8,60,55,25,785,219,78,16,164,423,258,319,734,440,88,116,109,129,704,143,268,655,193,414,115,61,1059,3147
E07000175,204,1692,41,138,245,124,112,98,65,47,321,482,418,32,148,119,53,912,413,111,49,248,389,823,280,725,511,112,66,60,269,1074,104,254,367,160,459,116,280,551,2004
E07000176,367,3252,38,88,162,447,229,157,382,71,775,955,917,40,295,153,27,626,618,214,81,331,588,669,92,345,285,50,32,58,217,237,35,108,151,82,140,103,125,182,613
E06000019,358,2290,51,233,874,322,182,170,122,161,396,735,639,74,257,171,99,1253,961,180,65,313,877,3369,483,1110,745,164,102,82,396,1691,235,357,705,300,569,114,1145,1219,1347
E06000020,154,1983,58,163,151,162,149,81,85,66,309,770,625,40,144,129,69,1135,436,101,33,399,969,758,427,1594,809,198,70,113,248,1892,449,484,1518,535,748,117,267,1661,2218
E06000021,90,1427,40,59,41,222,217,53,93,23,344,709,506,28,197,130,61,1061,604,131,11,439,779,534,938,1576,1163,166,150,112,203,1729,330,450,1520,323,1028,179,92,1639,7029
E06000051,544,4297,91,514,1080,591,402,395,223,269,790,1355,1094,100,435,271,173,2425,1387,310,270,689,1118,5067,579,1834,1576,254,146,106,705,1738,325,585,789,319,829,295,1442,1560,1945
E07000192,64,974,35,49,42,65,104,42,45,19,132,407,234,11,84,86,50,849,202,59,14,268,389,328,321,919,573,111,68,59,134,345,200,205,640,193,392,111,51,598,1455
E07000193,169,1613,57,71,149,159,121,56,97,62,234,480,364,14,112,89,43,591,300,82,35,197,273,793,441,778,543,93,63,37,149,1284,170,196,888,288,756,122,165,1156,3696
E07000194,215,2285,43,131,154,130,159,94,95,52,376,648,525,23,164,102,42,791,388,97,31,323,359,642,198,643,402,70,59,29,190,233,140,106,445,106,276,97,92,279,1205
E07000195,124,1314,24,39,97,163,140,57,136,25,265,489,368,25,114,64,52,637,361,83,20,281,386,557,355,779,588,105,51,42,166,576,147,189,597,143,389,91,120,434,2213
E07000196,148,1837,46,74,161,109,114,83,70,36,313,722,454,21,117,107,51,952,297,98,14,356,463,770,219,796,456,97,83,43,161,238,147,158,383,122,272,113,118,261,720
E07000197,200,2229,68,211,241,193,165,115,123,82,431,634,622,41,192,94,63,1577,439,114,28,338,645,1044,242,648,562,119,55,35,206,346,127,209,543,127,334,154,264,455,2252
E07000198,125,1197,49,59,190,119,104,64,80,58,193,407,265,32,74,60,59,572,360,89,22,236,260,1221,397,745,519,84,82,51,176,556,125,179,585,176,401,73,220,407,658
E07000199,53,974,34,26,21,72,100,46,39,17,109,324,206,7,46,55,20,520,179,49,15,215,183,200,149,765,392,85,32,38,109,427,140,153,541,162,351,143,31,413,2305
E07000218,73,937,53,33,96,47,75,38,43,22,105,272,213,10,71,46,32,461,196,40,24,192,193,417,163,583,367,77,29,24,130,188,124,129,408,107,240,84,58,251,1406
E07000219,86,1269,47,70,47,107,133,47,107,23,174,595,409,26,95,117,43,860,295,97,16,281,543,394,354,1194,739,129,99,46,139,639,284,205,883,257,403,154,38,682,3692
E07000220,176,2068,59,83,113,124,163,63,165,38,322,694,624,34,141,136,53,805,389,105,43,276,302,575,135,780,449,106,51,36,147,363,154,182,415,140,392,212,101,432,4580
E07000221,522,3572,53,92,350,170,251,125,187,90,530,912,1004,41,371,200,73,670,880,183,146,404,306,1527,194,695,641,85,88,43,388,280,90,143,382,141,211,78,323,309,763
E07000222,469,3897,52,70,107,275,473,187,523,79,712,1031,1406,63,438,259,36,565,819,323,82,365,370,608,102,646,564,74,59,43,209,274,139,143,512,166,156,77,67,308,850
E07000234,199,2424,29,63,116,130,150,72,139,53,487,804,578,21,167,101,39,721,379,90,25,380,338,574,121,535,406,56,35,32,158,189,97,111,322,115,120,82,69,264,452
E07000235,220,1387,20,63,231,147,123,113,89,57,293,420,436,23,128,73,40,406,403,106,27,156,339,1038,127,377,276,47,41,34,170,246,68,111,177,61,133,54,206,184,273
E07000236,70,1118,22,56,42,68,101,51,54,18,142,462,291,17,93,79,39,604,261,66,21,243,215,350,255,966,387,94,61,59,115,497,317,262,1195,261,320,76,69,772,1320
E07000237,107,1364,24,63,42,169,166,89,89,24,297,538,462,36,131,90,41,614,404,103,24,254,516,393,204,627,385,89,32,57,106,569,198,219,580,177,177,122,62,600,1093
E07000238,268,2619,64,107,372,182,164,107,128,80,425,825,682,28,173,97,59,960,490,135,54,382,506,1356,286,744,629,126,63,82,358,874,163,219,554,221,349,90,374,852,1011
E07000239,127,1264,29,64,86,104,115,56,48,35,213,438,345,22,78,63,47,530,280,74,11,244,323,648,253,733,436,69,103,73,195,478,178,206,505,135,231,110,118,523,927
E08000025,923,10301,173,277,156,1365,1083,377,1495,152,3791,6039,4270,250,1287,746,149,3574,3739,670,80,2483,4382,1688,1046,4066,3137,361,559,293,591,3163,1478,1060,5488,1002,2575,828,248,5042,13743
E08000026,211,3223,66,126,56,474,334,123,605,25,631,1566,1336,73,312,277,62,1294,925,241,42,570,1126,639,473,2182,1339,211,178,73,215,1412,637,408,2088,498,1028,227,90,2054,9055
E08000027,190,3341,83,109,81,307,336,126,201,50,611,1600,860,57,293,314,116,2015,839,194,28,990,1625,867,1069,2584,1436,244,460,108,354,1269,770,720,1656,402,763,229,86,1657,2711
E08000028,164,2137,68,54,38,286,258,81,156,47,569,1388,740,59,229,186,42,1269,719,164,17,651,1340,477,944,2284,1372,202,291,124,176,2248,915,710,1936,499,1255,281,88,2958,4969
E08000029,424,4878,77,76,119,260,254,107,221,72,1017,1875,1264,42,320,148,70,1193,650,155,66,877,787,641,191,1066,733,149,74,39,241,275,216,196,1168,343,453,236,86,476,1525
E08000030,158,2323,76,60,36,200,212,72,109,29,513,1149,648,45,148,193,71,1298,599,127,22,571,1006,562,779,2141,1163,231,521,116,191,1145,769,496,1465,348,966,265,79,1742,4348
E08000031,167,1951,47,65,40,275,201,69,134,24,468,1105,636,53,186,188,50,1060,588,119,19,557,1099,505,639,1647,937,134,168,126,146,1809,791,518,1644,385,985,272,65,2445,4210
E06000031,197,2542,50,177,122,250,257,136,125,63,428,1031,774,33,333,112,36,1380,637,133,33,587,995,521,290,991,955,128,85,147,180,2021,187,394,1168,448,949,344,157,2802,5425
E06000032,146,1809,57,43,22,251,194,41,95,9,530,1253,634,46,180,80,26,775,493,100,67,440,594,281,227,782,915,113,99,63,109,1058,183,239,1181,319,782,474,47,1462,5443
E06000033,384,3209,35,65,51,141,347,61,109,39,461,1310,822,53,447,134,55,1294,951,193,62,1684,790,552,168,615,532,107,127,145,188,299,142,226,457,101,245,355,52,435,1029
E06000034,174,2223,104,49,60,158,166,41,86,21,351,1131,609,30,177,89,68,1080,454,134,39,799,754,346,349,935,868,166,85,92,175,355,121,296,397,148,992,456,52,730,4108
E06000055,346,3318,56,128,141,343,271,140,262,53,563,1057,952,62,347,138,68,1418,762,188,77,527,607,757,240,749,804,134,87,54,201,682,134,188,571,206,562,360,133,853,3805
E06000056,597,6524,109,341,317,522,507,226,421,108,742,1974,1797,109,711,246,156,3047,1516,335,169,1110,1192,1627,413,1509,1538,272,143,150,671,668,237,394,933,323,774,596,212,680,3247
E07000008,635,2524,11,202,38,2095,305,227,2742,98,772,674,2983,220,642,191,14,237,1323,170,65,211,330,290,52,176,180,29,37,39,119,243,50,47,164,60,111,59,28,300,555
E07000009,223,1778,34,106,256,431,179,102,266,102,255,472,510,68,231,87,73,460,505,91,41,244,229,759,141,428,414,94,44,48,528,290,61,179,331,107,278,117,216,350,494
E07000010,76,982,41,72,197,108,113,38,69,27,129,320,218,13,84,80,41,829,225,59,12,196,312,665,335,662,573,88,77,63,235,1936,109,306,512,303,828,174,351,1583,1000
E07000011,393,3709,83,328,268,580,317,234,380,79,433,1028,1254,61,365,169,114,1714,738,166,70,519,1023,1024,287,935,766,187,104,166,424,1012,175,425,740,258,507,202,189,767,1569
E07000012,675,4276,45,118,283,1614,311,210,1042,123,678,1103,1670,179,550,191,68,620,1062,190,107,406,412,1151,142,469,529,111,54,95,293,271,92,113,310,101,193,103,189,227,530
E07000066,289,3154,77,60,84,143,217,57,108,37,377,1500,794,28,272,171,65,1316,544,148,33,1563,714,503,262,998,716,142,75,144,268,352,132,205,531,142,446,342,70,537,2155
E07000067,272,2740,52,93,247,204,244,72,119,66,395,990,639,39,258,153,74,1473,603,181,94,904,482,1053,280,823,804,153,70,90,344,490,144,279,494,130,399,361,176,486,1177
E07000068,361,2595,33,41,70,84,122,27,77,35,402,938,600,13,246,79,22,618,418,93,24,1041,210,329,47,221,170,47,47,43,105,54,24,41,76,27,77,111,44,57,198
E07000069,121,1376,28,27,37,44,80,25,38,7,139,648,296,6,88,52,42,658,242,62,21,745,360,268,151,489,461,82,42,99,135,129,65,144,201,68,183,176,31,154,537
E07000070,514,4644,70,103,193,250,330,116,205,80,829,1758,1177,50,433,198,79,1495,810,189,75,1712,597,922,149,642,627,114,75,95,308,235,65,166,366,98,270,219,120,295,852
E07000071,352,3202,47,263,179,225,363,103,212,56,617,1201,835,62,440,158,73,2295,925,191,63,1041,569,876,218,680,754,105,125,98,305,416,71,227,409,113,460,332,122,431,1035
E07000072,470,3863,50,59,147,146,234,58,121,43,733,1422,916,42,412,116,41,781,792,222,46,1182,396,649,110,410,426,66,80,93,223,133,52,144,191,36,169,192,139,175,671
E07000073,69,989,19,25,25,131,122,36,60,6,135,413,271,11,113,68,33,532,286,88,10,280,289,264,164,462,379,89,36,101,118,379,78,159,433,92,255,213,47,420,1598
E07000074,149,1280,35,38,150,68,89,36,45,24,190,433,240,17,95,95,33,565,244,67,34,397,205,574,139,350,376,77,42,54,152,164,55,124,176,52,165,73,92,184,294
E07000075,158,1856,24,56,91,56,118,40,64,20,200,806,390,18,125,78,45,870,305,79,27,939,300,400,96,404,386,87,53,72,140,121,44,116,193,66,108,194,60,110,370
E07000076,132,1360,29,86,201,74,138,54,39,23,203,519,279,18,134,79,41,904,507,97,78,398,387,891,207,635,662,125,84,68,189,285,84,202,318,77,331,314,156,300,889
E07000077,408,2690,61,103,260,329,180,59,184,60,510,702,612,42,282,78,35,833,579,157,219,606,212,842,91,295,410,63,61,50,218,149,50,87,195,53,96,208,123,116,377
E07000095,159,1836,41,26,50,127,152,38,75,17,325,757,442,18,204,65,29,612,410,105,8,522,366,357,100,370,413,56,70,79,149,188,55,138,217,56,182,158,42,248,1249
E07000096,543,4248,50,85,111,222,342,103,228,50,599,1258,1159,66,577,135,73,1076,1223,274,68,580,454,794,103,514,521,91,85,77,272,133,54,124,272,58,234,179,91,223,1584
E07000098,422,3055,26,124,47,165,162,29,137,43,717,1201,869,36,410,96,42,445,780,144,32,530,313,418,36,253,305,66,65,42,136,94,24,67,107,29,143,161,47,137,496
E07000099,429,3728,37,89,130,713,319,137,396,76,624,1077,1301,75,518,154,50,957,1065,231,88,502,414,760,152,470,365,97,61,67,257,322,110,171,379,137,135,163,99,259,870
E07000102,348,3041,28,139,54,157,179,43,118,23,516,1143,780,32,322,85,25,618,704,140,29,455,367,527,42,248,305,45,41,40,123,63,27,66,123,25,102,127,30,84,330
E07000103,203,2207,28,38,24,161,224,43,141,21,339,1022,743,22,266,93,21,492,629,145,24,386,350,443,80,287,335,51,72,67,90,162,27,95,186,53,181,207,21,249,894
E07000143,124,1431,53,171,560,203,136,89,94,56,221,574,365,33,138,108,89,1314,485,94,65,315,466,1435,326,873,770,133,93,60,391,1708,149,298,548,314,541,93,795,1119,1322
E07000144,179,1941,31,70,230,143,191,110,95,41,347,939,559,49,185,105,80,812,531,125,87,612,494,859,193,663,781,131,64,101,220,391,66,220,309,100,242,214,225,227,567
E07000145,59,528,11,27,89,75,74,31,24,15,75,239,139,19,54,71,26,391,286,56,70,136,258,403,245,456,408,103,40,60,132,1118,86,260,316,176,240,91,137,720,561
E07000146,178,1378,49,230,464,189,126,71,75,79,237,477,337,28,139,115,94,1031,538,108,75,262,438,1394,400,951,859,130,75,56,341,1726,186,383,466,309,733,129,667,1124,877
E07000147,163,975,21,58,303,82,84,95,29,75,173,308,218,33,150,68,59,446,571,85,51,174,240,1426,176,481,593,76,61,31,222,456,51,147,174,92,220,83,448,257,336
E07000148,196,1394,13,30,53,448,352,159,411,65,467,604,808,98,421,141,21,368,1217,165,39,461,429,416,123,354,426,74,73,86,129,732,66,220,394,131,254,104,127,578,965
E07000149,266,2348,59,83,424,355,208,130,174,108,409,827,686,45,251,146,75,859,714,131,67,569,415,1470,230,656,764,125,96,134,335,503,73,251,305,135,306,105,464,421,622
E07000200,217,1533,52,99,212,91,138,80,71,37,311,526,362,23,149,101,73,713,484,113,60,411,296,891,150,416,447,80,93,77,264,347,55,128,345,68,221,113,191,279,537
E07000202,120,1375,62,59,50,187,175,67,92,24,332,675,546,40,179,93,35,683,459,82,30,608,490,420,222,510,537,99,69,82,126,997,84,180,503,157,589,241,129,899,1603
E07000203,240,1702,50,173,390,190,167,106,88,60,286,584,417,36,189,96,78,889,474,113,63,400,357,1299,172,549,587,105,87,49,302,439,45,150,256,93,316,125,379,318,743
E07000240,950,6727,50,64,91,375,394,149,388,74,1723,2008,1893,76,792,189,40,682,1332,301,102,814,422,511,39,220,281,47,63,39,189,78,31,56,135,26,97,116,48,100,557
E07000241,299,2566,32,38,79,244,214,68,237,71,417,918,761,36,290,102,59,595,631,145,11,430,341,625,94,422,379,83,57,64,146,222,59,110,213,57,172,124,49,353,1776
E07000242,615,4741,35,96,200,482,356,121,284,65,744,1311,1206,61,608,150,80,1116,1041,245,248,963,471,929,145,460,504,87,101,120,269,249,63,119,283,90,149,227,96,237,763
E07000243,92,1223,16,33,31,269,144,26,110,18,116,442,436,31,146,89,39,659,308,98,12,254,310,322,117,419,361,71,40,65,123,251,77,140,300,74,169,138,36,226,819
E07000244,394,2754,131,178,500,359,256,190,142,113,539,916,745,60,359,176,102,1683,1261,210,184,666,771,2023,466,1086,1011,202,114,269,447,1189,128,617,498,220,799,426,550,828,1462
E07000245,269,2314,63,864,408,543,211,123,235,188,352,834,638,58,248,142,151,2981,601,167,214,389,579,1313,421,1017,1501,159,121,119,1239,1110,157,387,715,241,457,220,344,824,1838
E09000001,165,497,0,1,1,23,43,13,38,0,405,437,295,18,121,80,0,19,260,42,2,113,22,3,0,3,6,2,3,0,1,3,1,1,3,2,6,0,0,0,17
E09000002,167,1642,37,82,14,176,185,51,105,5,449,1342,734,35,244,99,26,880,480,107,8,442,856,245,168,583,540,69,132,68,90,392,86,174,385,73,689,438,38,596,2246
E09000003,1884,10265,88,69,84,696,974,153,693,92,3768,5010,3907,165,1945,455,55,1146,4247,708,51,1600,1139,817,83,573,513,95,309,71,238,350,63,111,300,72,360,323,40,400,1072
E09000004,443,4666,49,100,42,245,395,89,178,30,707,2223,1557,56,554,204,49,1942,1131,223,46,1306,1473,457,168,1111,701,131,112,146,205,489,90,225,308,141,356,554,52,480,1822
E09000005,936,5604,59,56,51,468,622,113,466,30,1626,2970,2599,122,1541,380,25,757,3558,578,42,971,1153,401,141,560,661,65,250,66,121,2221,81,174,545,374,693,479,35,1951,2879
E09000006,1511,11006,83,188,137,447,969,180,569,65,1965,3996,3524,180,1769,397,56,2105,3288,571,77,2598,1730,1042,150,794,640,145,212,169,370,168,78,182,262,70,169,509,76,160,728
E09000007,2321,7390,24,96,23,553,795,180,856,40,3650,3263,4339,200,2420,757,23,447,5377,757,36,1245,639,249,25,146,101,35,129,72,112,132,22,46,103,42,62,132,25,66,373
E09000008,925,8118,67,115,78,538,841,156,527,44,1592,3786,3422,156,1474,397,75,2194,3084,553,65,1793,2816,858,187,737,913,139,239,136,274,405,99,211,486,102,364,724,56,431,1965
E09000009,1309,8035,94,80,48,676,837,129,769,42,2004,3080,3525,192,1837,361,23,1103,4466,691,91,1046,1146,523,152,656,771,107,314,89,189,1187,101,166,586,266,543,794,39,1751,2563
E09000010,684,5269,48,56,62,378,577,111,332,33,1575,2709,1786,108,1045,241,32,1031,2261,438,45,917,1216,607,158,625,789,75,378,96,195,605,109,156,420,85,466,364,52,504,2338
E09000011,1234,7374,28,130,38,394,782,168,566,58,2055,3609,3404,169,1578,427,37,1616,3373,543,47,1541,1247,484,121,712,387,77,158,126,167,405,68,171,280,104,399,478,63,670,1847
E09000012,1401,7051,13,43,25,430,2037,247,1030,35,3143,2358,4514,309,4080,1175,16,464,8587,1855,17,992,886,340,41,264,239,44,326,157,129,292,51,110,219,72,135,231,53,196,647
E09000013,1915,7591,27,85,43,480,629,136,712,51,2354,3010,3670,124,2058,435,13,407,3537,810,46,1633,539,234,38,187,140,37,130,59,127,141,34,63,115,48,83,165,10,77,461
E09000014,1120,6112,26,34,56,471,1105,167,801,48,2454,1823,3155,230,2802,548,30,578,6765,921,26,723,876,505,99,331,285,43,364,90,141,416,59,102,319,79,330,255,42,351,1204
E09000015,806,6115,55,84,36,428,377,74,330,17,1381,4301,2236,77,675,217,24,737,1306,241,40,1053,974,345,127,425,520,79,136,66,79,592,55,116,395,91,510,367,23,618,1291
E09000016,478,4549,79,87,50,231,390,91,154,41,784,2487,1382,62,478,151,77,1831,895,187,34,1950,1186,577,243,1009,867,168,143,182,252,296,98,270,437,88,469,515,58,372,1587
E09000017,551,5514,111,316,60,448,374,100,424,32,1056,2917,1971,102,648,264,58,1771,1541,300,120,924,1122,628,161,892,1086,136,152,73,229,502,112,149,505,172,603,1066,59,911,2060
E09000018,874,5642,71,84,59,377,437,84,422,21,1194,2269,2098,109,1015,254,24,1358,2455,371,99,804,984,472,156,564,819,98,217,58,173,443,86,148,491,153,432,944,35,883,2821
E09000019,1683,7630,22,45,36,619,1213,203,1047,56,4586,3288,4991,237,3152,1040,16,533,5859,1043,35,1233,770,258,31,240,155,45,164,117,123,138,36,74,146,52,121,205,21,107,475
E09000020,3359,7330,27,90,48,229,294,81,392,16,2162,3211,2532,112,1310,323,14,194,2813,722,37,1418,315,165,7,84,78,11,75,27,92,91,14,25,53,27,19,88,25,40,244
E09000021,820,5745,39,139,71,360,529,89,374,37,1115,1942,2010,100,966,286,44,780,1832,378,65,774,670,513,51,267,331,68,127,49,172,132,25,64,128,44,92,169,28,127,572
E09000022,1942,10810,38,130,56,612,1422,307,1202,87,4391,5167,7896,322,4751,842,34,1063,7261,1326,50,2141,1829,516,54,375,287,53,251,105,206,220,55,109,199,63,150,358,45,190,957
E09000023,1121,8059,26,69,40,491,1402,243,854,55,2211,2744,4138,335,3100,720,33,1013,6960,1043,43,1298,1493,567,92,525,389,95,231,147,194,289,66,138,261,73,231,330,48,215,990
E09000024,1103,7302,46,52,43,478,591,135,486,48,1927,2783,2792,112,1321,311,36,890,2314,448,57,1161,940,441,78,435,386,53,164,59,163,210,56,86,220,59,179,252,34,251,812
E09000025,791,4546,32,51,24,382,666,98,413,24,1512,3358,2962,82,1044,341,20,1167,2372,537,35,1113,1324,220,176,598,582,68,322,95,90,632,82,156,500,146,652,629,44,776,2228
E09000026,768,5989,51,64,29,358,419,71,282,36,1828,3629,2182,87,816,220,36,1120,1621,317,46,1403,1500,341,157,534,542,57,244,87,107,360,101,128,379,87,453,465,43,459,1372
E09000027,2191,10054,46,102,85,583,623,177,558,62,2442,2287,3133,175,1847,432,38,724,3750,618,147,1111,700,483,26,199,238,49,115,46,192,88,33,47,120,45,71,188,30,81,367
E09000028,1989,9765,25,77,58,566,1399,261,1119,45,4188,4899,6605,300,3614,1014,20,842,6526,1173,45,1909,1462,379,76,433,263,56,256,162,172,256,62,119,247,66,175,327,36,206,883
E09000029,570,4949,45,74,80,401,447,92,338,26,700,2157,1767,67,715,236,65,1473,1281,241,33,915,1010,713,121,518,593,113,116,103,205,181,57,146,222,70,186,392,46,151,796
E09000030,2106,9069,25,57,26,451,1394,240,983,39,3652,6541,6291,153,2630,940,12,802,4816,1045,36,2430,1189,188,51,279,185,42,205,92,83,240,42,121,202,64,109,279,32,163,781
E09000031,679,5986,41,82,52,384,1105,159,637,44,1565,1982,2573,218,2411,442,37,1007,4664,921,22,964,1297,411,142,590,495,93,309,162,186,368,69,182,342,102,456,474,47,378,1331
E09000032,3053,16798,61,232,86,743,1235,382,1103,109,5336,6660,8315,226,4396,904,44,1220,5833,1339,118,3705,1627,510,38,337,233,38,189,76,223,230,49,108,205,59,130,236,37,140,684
E09000033,3701,8844,39,141,29,374,531,133,667,29,3017,5263,4389,124,1754,466,11,745,3487,775,39,1860,670,161,14,193,100,16,102,36,82,123,68,55,66,46,55,106,11,80,363
E06000035,306,3450,60,173,90,251,319,127,195,36,516,1473,1008,72,370,205,106,2757,960,197,95,1004,1409,735,510,1569,1151,272,155,256,333,655,232,708,716,220,840,594,126,917,3213
E06000036,310,3164,40,326,107,296,214,74,205,32,255,1032,982,25,258,91,65,1201,567,164,74,460,464,749,79,457,523,93,63,56,280,133,50,94,222,89,153,237,65,149,924
E06000037,602,4674,45,195,279,424,243,138,282,111,536,1368,1299,42,433,180,93,1079,846,209,85,465,521,1275,179,688,633,137,88,93,635,230,128,201,455,133,243,167,177,264,1211
E06000038,341,3318,24,77,46,829,306,226,437,37,603,1683,1601,69,514,153,39,622,846,177,34,537,482,467,113,382,475,76,87,53,147,282,96,159,450,99,333,246,62,354,2505
E06000039,156,2077,53,28,25,368,156,32,150,10,374,1116,747,26,170,80,17,612,416,82,31,318,393,326,108,471,577,66,62,62,78,574,89,141,442,129,407,510,59,539,1495
E06000040,1080,6087,86,153,128,383,317,112,300,46,748,1492,1643,80,604,147,39,1275,1295,297,223,559,381,838,68,397,445,70,93,51,261,163,54,104,213,87,118,245,81,143,420
E06000041,678,6816,52,144,152,624,297,157,416,69,621,2068,1817,63,454,188,69,1027,831,234,136,674,523,790,86,460,539,110,67,47,287,162,60,112,260,82,139,187,123,130,721
E06000042,558,6139,111,97,125,339,517,109,473,53,642,2226,2012,69,589,263,73,1790,1087,285,76,936,1005,776,210,1087,1091,187,173,121,295,948,201,306,786,335,596,522,102,977,7271
E06000043,966,6273,37,57,93,419,1222,302,619,96,1069,1781,2373,169,1840,336,79,911,5004,777,165,949,971,890,92,400,450,85,203,105,302,289,62,139,382,85,155,256,73,290,726
E06000044,206,2043,36,439,36,286,292,109,198,36,362,813,823,66,298,235,45,1428,816,140,192,355,1545,444,264,854,776,120,97,80,200,673,163,221,1074,196,346,362,64,733,1381
E06000045,227,2156,45,101,46,589,302,161,776,43,569,1209,1233,81,286,211,61,865,931,196,236,688,698,581,377,916,1133,165,139,113,206,1082,157,319,883,216,591,387,108,918,3145
E06000046,193,1170,27,97,141,117,196,58,61,57,224,373,301,36,154,77,42,930,745,136,174,201,517,1117,172,532,852,126,88,47,208,312,113,207,496,88,167,199,174,243,453
E06000060,2705,17302,210,876,670,947,1035,339,877,261,2461,4637,4442,187,1865,568,204,3736,4127,832,420,1940,2182,3376,381,1910,1989,346,356,287,1054,853,252,475,1255,330,664,751,422,806,2518
E07000061,114,1015,4,36,31,85,154,34,48,27,267,379,292,36,138,58,41,533,479,82,24,266,382,344,95,255,321,38,50,58,109,123,36,104,202,71,92,142,40,235,800
E07000062,89,848,11,27,44,81,197,48,61,25,170,297,248,52,256,54,27,415,1089,185,20,201,833,472,85,315,278,58,81,30,119,158,47,111,306,47,101,108,62,234,367
E07000063,244,1762,24,61,123,108,201,85,120,49,345,491,468,49,330,97,47,618,1033,190,62,290,328,817,77,263,351,57,79,75,189,138,37,96,194,38,95,147,111,179,383
E07000064,208,1361,24,54,181,82,122,57,44,30,295,423,311,27,194,85,41,516,584,101,44,311,428,1033,56,287,353,57,67,41,189,103,24,107,146,25,112,107,162,130,265
E07000065,533,3404,37,115,408,185,248,118,119,70,619,997,778,37,396,165,124,1137,1089,252,134,691,500,1889,159,556,694,92,122,92,449,184,46,168,295,58,168,183,312,199,576
E07000084,473,4729,58,171,238,443,289,176,232,64,547,1583,1354,62,411,161,92,1220,760,177,82,806,526,1148,174,810,803,178,66,82,407,392,146,267,650,153,246,244,212,355,1953
E07000085,555,3382,34,182,268,221,220,106,159,103,545,845,883,61,343,113,88,844,762,217,169,489,493,1486,111,472,541,79,72,46,330,264,57,112,285,90,139,110,210,229,556
E07000086,197,2702,44,113,104,242,194,123,210,64,397,1125,771,50,201,159,71,1033,488,123,281,644,660,612,193,609,809,152,84,74,253,234,81,180,357,102,230,243,64,196,852
E07000087,182,2160,32,315,70,145,143,75,111,48,319,782,620,40,161,91,50,1381,464,105,420,430,1141,467,141,569,648,114,57,34,179,160,92,107,289,94,143,153,50,176,596
E07000088,63,682,14,317,23,71,58,34,32,11,83,251,209,15,73,39,35,1209,238,34,194,159,998,281,162,501,650,73,48,43,126,182,77,127,290,57,114,145,27,232,589
E07000089,440,3520,36,295,117,189,216,74,131,42,376,918,919,24,297,74,57,1186,481,144,180,456,413,648,44,297,513,77,42,28,218,71,35,89,184,44,91,141,70,71,330
E07000090,142,1563,16,136,64,128,119,65,82,20,198,561,437,25,132,75,61,800,355,83,99,253,603,526,179,732,666,120,66,52,200,337,140,160,667,117,231,173,75,317,681
E07000091,413,2871,58,163,261,211,232,143,143,113,488,950,680,43,274,180,102,972,721,200,276,506,521,1491,291,776,1065,162,103,60,408,431,88,171,379,153,320,258,221,209,931
E07000092,132,1559,20,368,53,184,182,36,119,14,189,689,507,19,185,82,52,2166,362,88,70,305,487,534,90,429,518,68,42,38,139,186,68,149,308,64,143,189,40,207,694
E07000093,360,2942,47,598,229,273,184,132,196,65,424,934,785,26,201,115,88,1285,539,154,157,547,879,1071,193,647,563,103,80,55,336,379,117,174,493,140,215,148,209,385,1407
E07000094,622,3570,45,372,293,276,199,176,219,109,766,915,1061,70,430,198,58,1124,871,182,308,384,710,1044,87,338,369,45,43,23,310,135,44,102,203,49,123,87,243,99,384
E07000105,286,2342,71,81,232,252,194,96,99,72,405,733,542,29,231,133,54,1125,569,128,45,429,474,1021,164,579,527,123,51,79,217,593,65,221,299,145,268,412,215,554,658
E07000106,308,2008,41,93,142,295,235,110,309,53,398,657,587,69,330,164,51,974,998,182,71,386,516,811,122,394,497,89,67,54,228,232,45,175,260,101,184,184,158,386,642
E07000107,201,2270,32,42,30,140,164,56,79,26,311,1054,643,45,219,118,45,1055,446,95,40,542,575,310,121,630,426,97,36,89,128,215,54,162,225,58,293,276,35,246,1376
E07000108,169,1101,48,91,151,204,105,78,74,43,203,341,354,49,159,78,57,2162,531,87,163,196,664,735,193,374,498,88,56,26,201,402,42,158,245,95,282,492,163,340,494
E07000109,157,1416,24,44,42,88,120,37,58,13,210,657,434,23,143,77,45,743,364,79,90,404,464,299,149,609,377,86,40,70,107,372,68,206,196,131,408,260,66,603,1365
E07000110,355,3327,64,211,249,211,269,120,152,72,496,1116,785,49,373,162,92,2010,785,176,50,869,656,1042,151,727,717,132,77,120,291,443,72,298,366,128,399,209,281,717,2093
E07000111,611,3891,47,71,184,133,212,59,130,40,873,1213,937,49,442,150,44,880,774,188,60,936,436,899,88,437,449,62,52,59,259,115,39,113,151,40,152,153,114,128,446
E07000112,172,1372,27,112,115,124,154,78,61,42,186,437,395,37,221,82,39,1423,698,116,54,275,531,681,151,367,427,91,45,43,161,204,43,153,188,59,214,364,98,286,455
E07000113,170,1853,54,144,169,171,156,81,88,30,232,673,465,45,215,117,82,1606,501,133,59,503,564,737,344,836,706,159,80,75,223,669,130,374,480,174,545,270,251,976,2118
E07000114,168,1383,19,80,65,165,219,48,78,28,196,418,366,46,318,95,46,944,1058,180,66,259,665,541,154,375,502,78,83,58,201,446,63,176,348,114,195,306,118,590,507
E07000115,419,3557,53,86,154,194,224,87,141,64,516,1110,888,42,388,138,55,1211,699,147,83,881,437,828,116,504,508,99,52,127,251,175,56,217,189,78,220,183,127,216,914
E07000116,576,3757,26,64,205,172,285,93,129,47,811,1117,941,47,630,132,34,556,1043,224,64,834,286,931,47,273,321,51,69,82,183,132,36,84,162,42,91,89,143,279,514
E07000177,372,3262,48,189,249,435,287,163,439,84,460,942,973,81,489,202,66,1287,876,208,99,423,579,1084,196,814,842,117,93,121,307,1144,172,252,1049,267,390,160,204,879,2312
E07000178,494,2123,7,61,20,1431,177,173,2834,33,607,643,2125,249,806,169,12,204,1439,117,28,174,308,383,77,356,291,48,59,57,71,150,49,72,933,131,191,54,35,281,1019
E07000179,786,4554,43,298,279,1032,293,248,527,70,695,1058,1380,68,575,182,60,1052,1131,248,182,440,668,1358,128,555,629,98,73,72,340,244,62,174,404,119,208,151,203,212,1208
E07000180,497,3302,49,503,217,1277,251,198,758,71,512,846,1301,123,510,163,51,1147,882,158,78,363,497,960,108,570,534,122,63,80,293,202,82,129,451,127,187,112,169,179,902
E07000181,424,2533,42,455,234,280,210,116,298,64,378,755,735,90,432,148,55,1132,902,197,208,303,525,1047,131,511,657,91,80,60,337,320,85,154,490,129,193,161,194,247,685
E07000207,1397,7088,44,76,96,257,298,83,242,35,1351,1660,1632,54,836,178,32,593,1473,348,96,876,401,666,58,205,283,46,93,41,202,84,25,81,133,27,67,106,34,58,328
E07000208,297,2769,20,30,53,169,187,58,113,25,431,965,868,31,306,79,15,527,568,117,39,457,322,329,18,159,230,36,37,26,125,42,21,27,73,18,30,94,19,40,187
E07000209,710,4467,39,187,165,352,289,125,448,70,974,1256,1400,80,510,161,54,1746,1146,226,141,582,519,946,49,314,428,58,64,36,316,108,45,61,149,59,95,110,80,92,416
E07000210,516,2954,22,73,138,183,173,83,140,55,437,866,869,43,359,116,29,534,674,141,98,399,277,885,55,213,277,47,59,16,246,75,31,44,93,34,60,74,112,52,188
E07000211,585,4745,48,109,105,223,313,108,189,66,628,1575,1425,34,537,143,65,1228,880,196,255,1000,524,772,60,370,477,99,70,50,233,83,31,111,188,36,107,286,64,93,455
E07000212,347,2254,51,65,79,189,157,40,160,24,263,654,708,27,209,81,22,645,562,116,78,327,280,505,46,223,380,50,48,32,171,74,37,71,108,32,83,179,23,83,443
E07000213,228,2295,77,68,49,194,181,45,141,11,242,674,673,39,255,83,24,880,597,107,69,361,405,430,68,341,523,86,67,42,149,73,28,95,187,59,142,441,20,117,824
E07000214,395,2903,42,233,64,217,197,48,134,34,264,834,740,21,223,75,41,794,473,111,117,329,278,521,53,257,379,57,43,28,191,89,38,59,162,34,90,147,22,87,380
E07000215,454,2900,38,62,121,101,163,49,106,35,424,844,741,33,333,78,54,799,595,104,80,637,333,650,56,222,288,43,40,43,204,47,18,65,124,18,72,158,61,52,236
E07000216,794,4958,39,98,189,221,295,146,224,85,1041,1090,1271,62,602,154,53,620,1217,242,186,594,346,1273,39,244,321,39,73,43,329,107,44,62,142,39,61,103,132,77,243
E07000217,494,3398,36,105,71,286,209,82,203,34,618,1211,1121,35,371,145,25,542,683,125,55,498,413,728,56,231,405,63,59,27,153,68,40,71,227,57,72,136,35,101,428
E07000223,75,978,7,21,33,68,129,50,57,10,134,372,272,11,145,55,33,344,365,84,52,234,186,263,58,275,285,44,45,64,111,96,30,69,192,35,84,117,26,107,355
E07000224,211,2027,48,68,206,137,171,74,83,62,298,658,494,43,229,104,86,912,641,140,98,446,468,1230,195,647,728,108,178,78,288,897,106,193,727,226,332,264,271,966,1188
E07000225,486,2524,28,200,293,167,204,104,102,72,497,607,672,47,370,141,48,1234,888,220,220,343,331,1469,95,385,474,59,111,44,363,375,53,82,349,81,147,124,319,268,412
E07000226,97,1539,33,36,42,197,131,32,90,17,208,795,517,21,145,64,48,933,291,65,132,405,332,338,86,371,546,89,46,51,135,210,72,109,363,89,178,658,29,323,1280
E07000227,533,3975,60,101,290,215,317,119,176,95,495,1135,1047,49,415,145,90,1139,945,184,572,705,401,1399,113,450,632,124,64,57,496,186,74,115,332,83,175,277,169,224,607
E07000228,603,4731,47,100,175,218,324,106,215,65,660,1350,1228,53,570,154,72,1161,1060,214,269,917,499,1107,93,406,561,76,56,67,333,168,54,121,296,67,132,325,149,162,614
E07000229,129,1843,15,45,57,133,241,98,90,27,277,671,520,44,245,89,63,675,636,167,64,476,541,485,101,378,384,68,71,64,170,266,51,129,364,112,111,147,74,267,625
E06000022,626,3738,52,162,181,305,465,204,474,83,895,1322,1250,94,719,353,66,603,1652,322,107,514,1089,1077,148,593,573,110,117,226,271,364,99,347,299,80,228,112,160,383,771
E06000023,779,7576,55,194,116,994,1478,820,1648,227,3027,3642,4514,240,1995,792,125,1219,5852,785,191,1695,2734,1198,379,1518,1438,221,246,255,400,1033,297,479,868,231,680,404,156,1033,5385
E06000024,366,4033,78,162,190,263,350,189,254,151,825,1421,1154,54,389,154,119,1375,1060,186,162,694,1053,1123,202,838,950,164,105,85,394,763,148,292,510,200,373,311,198,636,1855
E06000025,341,5029,75,257,175,457,417,237,390,98,903,2292,1842,63,426,293,116,1714,1029,249,76,1224,2951,1210,369,1543,1624,268,113,120,418,603,302,411,783,206,475,256,213,729,3155
E06000026,160,1947,23,520,49,366,247,138,233,41,561,772,599,70,243,233,94,3089,984,142,263,384,2314,728,492,1546,2113,194,227,91,282,1073,226,380,885,260,431,419,136,951,1642
E06000027,121,1081,29,62,73,100,145,36,61,27,225,439,253,29,117,63,45,668,505,104,90,258,477,719,106,474,586,79,69,55,219,397,80,222,328,94,157,142,74,386,746
E06000030,206,3604,75,129,121,284,286,107,294,71,304,1881,1365,57,258,163,94,1352,644,161,47,781,704,649,206,1367,1094,185,85,213,351,837,248,379,2503,396,708,293,97,1040,4887
E06000052,711,5020,92,609,1031,755,785,554,411,380,1043,1774,1413,185,843,429,350,2780,3729,657,613,954,2546,7668,714,2331,3370,355,287,335,976,2577,295,1069,1263,408,1311,711,1386,1785,2380
E06000053,3,18,0,4,15,3,2,0,1,0,0,3,5,3,3,1,0,17,20,2,23,0,6,71,1,6,11,1,1,2,1,6,2,5,6,0,3,10,15,2,5
E06000054,1244,9361,153,2467,1070,1028,736,436,602,316,1433,2851,2731,223,1032,459,273,8282,2830,626,425,1260,5810,4794,658,2432,2582,419,481,315,1386,2288,388,845,1806,597,967,690,1069,1905,3441
E06000058,836,6158,71,275,155,323,778,201,314,133,948,2966,1751,94,712,341,168,1824,1743,452,369,1518,1000,1566,445,1589,1929,292,241,170,392,1189,287,371,1635,328,414,447,117,971,1972
E06000059,677,4998,84,537,886,484,472,328,230,240,852,1814,1261,126,555,305,191,3119,1981,385,383,810,1486,4485,656,1725,2015,308,262,203,822,1052,290,531,1128,234,603,449,1056,953,1383
E07000040,249,1894,33,249,374,282,190,174,143,94,471,672,574,56,236,99,66,1104,734,155,100,319,542,2103,118,510,695,107,82,63,356,239,74,148,285,64,214,119,510,305,705
E07000041,145,1384,15,164,37,494,200,185,616,54,595,647,677,44,242,105,38,572,648,95,32,249,506,415,72,297,420,69,54,61,131,270,52,140,252,89,134,123,55,224,936
E07000042,133,1081,25,76,352,169,92,126,92,81,257,373,286,30,117,59,55,354,385,80,30,187,281,1736,178,455,412,67,78,26,221,676,63,167,240,110,214,70,473,343,714
E07000043,110,897,11,118,280,125,157,56,51,85,152,312,228,28,167,59,52,741,484,94,35,160,243,1824,113,594,462,69,51,31,224,491,108,240,413,112,210,50,363,523,439
E07000044,251,1321,20,203,266,152,131,109,87,82,309,361,322,32,229,102,65,617,737,124,95,155,460,1550,99,351,511,61,68,32,154,159,33,108,155,37,116,105,231,174,279
E07000045,201,1632,36,127,254,234,176,235,131,88,484,638,486,52,197,92,69,879,737,126,76,290,451,1480,124,541,710,97,99,47,327,330,97,267,311,69,253,164,220,307,712
E07000046,63,551,15,39,254,71,88,54,25,60,98,212,134,21,92,49,46,255,312,45,39,93,218,1704,162,420,337,44,36,23,155,294,71,135,193,46,196,28,502,232,281
E07000047,94,672,14,87,197,103,62,82,57,54,146,185,198,17,89,50,33,333,361,48,31,95,245,1402,66,227,258,32,40,25,178,261,20,90,102,27,135,38,282,162,265
E07000078,294,2469,21,173,38,155,264,112,164,65,564,818,1024,49,406,102,35,434,793,193,64,390,2369,416,97,428,330,50,78,39,159,218,161,135,474,74,119,39,52,238,503
E07000079,463,2335,32,179,344,125,162,90,122,116,386,565,587,36,269,89,47,430,647,177,123,272,328,1380,97,343,340,48,68,36,467,191,56,139,271,68,134,51,272,140,444
E07000080,142,1078,22,96,251,97,85,84,60,34,154,393,278,16,115,85,45,702,356,77,31,199,526,967,237,580,417,84,46,36,276,488,127,269,306,119,265,58,227,406,659
E07000081,86,1469,31,90,45,153,148,55,75,18,198,760,459,28,122,129,65,723,357,93,29,509,1077,360,226,936,619,131,70,56,187,836,325,269,730,192,308,125,84,617,1280
E07000082,307,2343,35,101,191,170,206,231,151,114,361,657,688,50,329,160,77,621,1048,191,46,365,693,1275,194,747,514,112,94,66,278,478,210,177,722,139,220,85,204,352,738
E07000083,159,1786,43,220,163,111,156,65,61,50,276,676,550,22,166,87,33,760,381,73,59,391,1179,752,122,487,393,108,39,43,223,273,138,153,430,101,157,87,117,223,515
E06000066,863,6820,139,695,1225,609,742,504,346,388,1347,2476,1770,164,877,516,297,3347,3047,609,382,1047,2567,6642,904,3035,3133,448,490,239,1308,3712,509,1148,1957,737,1469,468,1567,2804,4709
W06000001,80,440,9,138,100,112,44,90,55,29,80,147,154,16,47,44,21,458,255,29,138,72,407,989,116,276,456,67,26,7,67,351,29,107,132,43,163,169,142,199,265
W06000002,117,643,15,58,161,183,104,190,116,64,204,255,329,44,117,45,28,511,881,82,53,127,580,2170,102,407,453,66,36,14,122,515,64,270,271,67,274,117,314,393,431
W06000003,119,866,15,76,106,283,107,92,87,49,195,358,332,36,92,70,41,744,467,72,57,169,436,1425,95,379,436,67,42,17,138,248,50,169,246,59,231,120,171,199,385
W06000004,103,800,22,58,147,152,60,87,39,65,181,279,262,18,86,62,25,533,315,53,41,143,346,1086,169,385,376,65,54,25,140,413,77,181,439,107,250,71,186,319,357
W06000005,183,1736,42,77,126,212,153,122,122,65,316,792,500,33,140,128,76,953,422,110,51,379,637,983,280,1044,1491,132,270,59,283,1771,223,528,1137,374,621,140,170,1406,1443
W06000006,120,1195,26,65,135,146,110,82,73,61,257,532,347,43,108,71,33,802,323,76,24,238,682,890,329,951,692,119,78,44,184,1952,286,477,962,349,579,55,208,1278,1093
W06000008,72,469,8,50,224,170,74,90,120,63,96,166,253,103,99,36,22,233,502,46,43,90,275,2015,73,219,315,28,31,33,100,257,19,97,112,26,132,26,357,115,203
W06000009,114,794,17,100,374,126,106,136,39,92,201,317,252,32,121,109,52,704,529,100,188,162,586,2467,390,567,487,116,74,22,212,651,48,205,259,103,332,163,442,261,419
W06000010,177,1341,41,106,364,252,171,152,99,162,380,569,445,50,162,104,62,1245,748,116,47,278,1284,3148,410,904,779,137,90,28,313,831,222,306,697,179,621,148,496,862,953
W06000011,229,2113,41,135,82,351,215,198,367,73,632,1019,830,68,189,119,41,1224,812,167,56,524,2727,727,383,850,827,145,92,38,238,657,182,305,587,169,379,172,91,837,1893
W06000012,103,977,16,57,59,125,92,67,68,27,259,559,342,31,62,72,43,935,344,62,17,273,1605,419,418,927,434,132,48,42,120,722,239,342,518,227,656,173,60,1038,975
W06000013,131,1408,40,98,57,224,111,98,98,41,325,612,452,30,96,88,48,1335,420,86,26,257,835,450,289,838,630,151,101,44,184,572,175,356,758,213,464,159,69,929,1013
W06000014,307,2078,40,152,113,220,194,119,150,52,777,847,722,51,260,146,31,1043,904,103,110,450,880,554,170,502,529,74,51,41,183,286,62,142,206,73,180,206,90,144,468
W06000015,529,4896,44,172,72,1052,604,412,981,115,2074,2653,2681,176,1049,413,53,1426,3244,355,88,1058,2893,593,232,779,883,149,137,130,275,864,115,234,605,166,351,265,74,599,1551
W06000016,169,1944,41,139,57,328,171,104,148,40,490,1007,668,89,158,115,59,1367,684,111,36,520,1679,636,284,1358,1193,172,223,102,233,1270,311,484,1032,250,771,403,81,1460,1538
W06000018,152,1530,18,87,53,212,138,96,113,29,378,770,542,26,105,91,59,1060,401,92,22,469,1594,525,370,1034,769,161,107,160,224,1480,292,549,1018,288,628,192,93,1649,1266
W06000019,38,340,8,14,10,52,29,27,29,8,86,137,91,5,24,26,18,254,113,8,5,79,316,128,184,420,215,70,64,36,64,928,167,238,526,216,303,52,15,883,486
W06000020,79,836,13,52,39,110,71,48,43,13,167,381,257,14,62,62,28,613,205,46,17,200,683,286,180,556,380,73,46,67,109,700,182,215,537,127,265,75,47,702,784
W06000021,248,1611,31,90,213,160,100,133,99,84,426,454,537,31,163,101,46,520,510,87,52,267,525,1280,182,386,361,48,40,34,168,272,63,140,212,52,233,93,218,212,943
W06000022,166,1855,32,83,42,274,133,108,107,41,524,965,769,34,172,118,34,871,470,99,65,426,1335,452,316,588,515,133,57,50,162,828,135,296,483,207,447,221,71,942,2690
W06000023,171,1130,40,204,543,155,132,208,89,137,252,371,365,63,158,117,59,733,774,115,27,242,605,4888,266,771,573,76,65,40,235,542,179,369,582,150,338,92,908,587,708
W06000024,44,383,12,29,17,42,26,23,21,9,97,147,129,8,30,23,11,403,96,23,3,97,380,147,101,318,249,46,21,44,49,567,70,199,229,91,225,124,40,637,284
